{
  "threshold": 0.2,
  "roc_auc": 0.6977451739738734,
  "pr_auc": 0.3538655875867904,
  "precision": 0.3076850749075409,
  "recall": 0.63842101840411,
  "f1": 0.41524437958674365,
  "tn": 40790,
  "fp": 22089,
  "fn": 5560,
  "tp": 9817,
  "n_eval": 78256
}